{
  "ts": "2025-08-20T17:06:21.114Z",
  "engine": "vanilla",
  "results": [
    {
      "label": "create:small",
      "mean": 0.0034919160000004014,
      "median": 0.0020853999999985717,
      "stddev": 0.008197541113927894,
      "p95": 0.0037166999999953985,
      "samples": [
        0.0018790999999964697, 0.001887499999997999, 0.0018916999999987639,
        0.0018916999999987639, 0.0019249999999942703
      ]
    },
    {
      "label": "update:primitive",
      "mean": 0.0001860014999996338,
      "median": 0.00012710000000311085,
      "stddev": 0.0002603332785541982,
      "p95": 0.00034579999999664326,
      "samples": [
        0.0001125000000001819, 0.0001125000000001819, 0.0001145999999948799,
        0.00011460000000056425, 0.00011665000000107283
      ]
    },
    {
      "label": "read:computed",
      "mean": 0.00002775075000005246,
      "median": 0.00002499999999940883,
      "stddev": 0.000048707725446775574,
      "p95": 0.00006250000000136424,
      "samples": [
        0.000010399999999322062, 0.000010399999999322062,
        0.000010399999999322062, 0.000010424999999258944,
        0.000010424999999258944
      ]
    }
  ]
}
