{
  "timestamp": 1755873093534,
  "runner": "runner-standard-js",
  "config": {
    "ops": 20000,
    "warmup": 2000,
    "repeats": 5,
    "depths": [
      5,
      10,
      15,
      20
    ]
  },
  "results": {
    "d5": {
      "depth": 5,
      "operations": 20000,
      "repeats": 5,
      "totalTimes": [
        0.5760830000000006,
        0.22462499999999608,
        0.4160000000000039,
        0.19729099999999988,
        0.30995800000000884
      ],
      "avgTime": 0.000017239570000000093
    },
    "d10": {
      "depth": 10,
      "operations": 20000,
      "repeats": 5,
      "totalTimes": [
        0.508583999999999,
        0.38608399999999676,
        0.3246249999999975,
        0.3222080000000034,
        0.5877920000000074
      ],
      "avgTime": 0.00002129293000000004
    },
    "d15": {
      "depth": 15,
      "operations": 20000,
      "repeats": 5,
      "totalTimes": [
        0.6719579999999894,
        0.4814999999999827,
        0.8479580000000055,
        0.4660000000000082,
        1.0821249999999907
      ],
      "avgTime": 0.00003549540999999976
    },
    "d20": {
      "depth": 20,
      "operations": 20000,
      "repeats": 5,
      "totalTimes": [
        0.6582500000000095,
        0.6200000000000045,
        0.6322079999999914,
        0.6107910000000061,
        0.6137500000000102
      ],
      "avgTime": 0.00003134999000000022
    }
  }
}