{
  "meta": {
    "offRuns": [1, 2, 3],
    "lightRuns": [1, 2, 3]
  },
  "pooled": {
    "off": {
      "n": 300,
      "median": 0.10000002384185791,
      "mean": 0.09933333277702332
    },
    "light": {
      "n": 300,
      "median": 0.10000002384185791,
      "mean": 0.09333333174387613
    }
  },
  "mannWhitney": {
    "U1": 48124.5,
    "U2": 41875.5,
    "z": 1.4714420317501087,
    "p": 0.14117168874615027
  },
  "cliffs": {
    "delta": 0.06943333333333333,
    "magnitude": "negligible",
    "gt": 34203,
    "lt": 27954,
    "eq": 27843
  }
}
