{
  "ts": "2025-08-20T16:58:55.265Z",
  "results": [
    {
      "label": "create:small",
      "mean": 0.00352173833333346,
      "median": 0.0021979500000000483,
      "stddev": 0.007753260667080471,
      "p95": 0.004266700000000867,
      "samples": [
        0.0019249999999999545, 0.0019916999999992414, 0.0019917000000006626,
        0.0019958000000002583, 0.0019958000000002583
      ]
    },
    {
      "label": "update:primitive",
      "mean": 0.00022422166666673964,
      "median": 0.00011045000000002857,
      "stddev": 0.0006964783421415429,
      "p95": 0.00040000000000048883,
      "samples": [
        0.00007295000000056007, 0.00007499999999964757, 0.00007499999999964757,
        0.00007499999999964757, 0.00007499999999964757
      ]
    },
    {
      "label": "read:computed",
      "mean": 0.00004175550000001258,
      "median": 0.000012499999999988632,
      "stddev": 0.00016609741082593217,
      "p95": 0.00008334000000019159,
      "samples": [
        0.000011659999999835691, 0.000011660000000119908,
        0.000011680000000069413, 0.000012499999999988632,
        0.000012499999999988632
      ]
    }
  ]
}
