{
  "generatedAt": "2025-09-20T16:19:24.888Z",
  "scenarios": {
    "deep-nested": {
      "scenario": "deep-nested",
      "libraries": {
        "SignalTree": {
          "median": 0.10000002384185791,
          "p95": 0.20000004768371582,
          "opsPerSecond": 10000,
          "sampleCount": 100,
          "zeros": 33,
          "manyZeros": true,
          "quantized": true,
          "stdDev": 0.0672011913739034,
          "relStd": 0.6720117535189466,
          "highVariance": false
        }
      }
    }
  }
}