{
  "generatedAt": "2025-09-17T15:31:34.444Z",
  "scenarios": {
    "deep-nested": {
      "scenario": "deep-nested",
      "libraries": {
        "SignalTree": {
          "median": 0.10000002384185791,
          "p95": 0.20000004768371582,
          "opsPerSecond": 10000,
          "sampleCount": 100,
          "zeros": 21,
          "manyZeros": false,
          "quantized": true,
          "stdDev": 0.09165151884171156,
          "relStd": 0.9165149699029188,
          "highVariance": false
        }
      }
    },
    "large-array": {
      "scenario": "large-array",
      "libraries": {
        "SignalTree": {
          "median": 1.4000000953674316,
          "p95": 1.600000023841858,
          "opsPerSecond": 714,
          "sampleCount": 100,
          "zeros": 0,
          "manyZeros": false,
          "quantized": false,
          "stdDev": 0.41538415425419256,
          "relStd": 0.29670294711313894,
          "highVariance": false
        }
      }
    }
  }
}